<?xml version="1.0"?>
<catalog>
	<camera>
		<number>439</number>
		<ip>172.22.10.43</ip>
		<stream>2</stream>
		<device>1</device>
		<manufacturer>Bosch</manufacturer>
	</camera>
	<camera>
		<number>441</number>
		<ip>172.22.10.42</ip>
		<stream>2</stream>
		<device>1</device>
		<manufacturer>Bosch</manufacturer>
	</camera>
	<camera>
		<number>448</number>
		<ip>172.22.10.44</ip>
		<stream>2</stream>
		<device>1</device>
		<manufacturer>Bosch</manufacturer>
	</camera>
	<camera>
		<number>440</number>
		<ip>172.22.10.45</ip>
		<stream>1</stream>
		<device>1</device>
		<manufacturer>Bosch</manufacturer>
	</camera>
	<camera>
		<number>442</number>
		<ip>172.22.10.60</ip>
		<stream>1</stream>
		<device>1</device>
		<manufacturer>Bosch</manufacturer>
	</camera>
	<camera>
		<number>443</number>
		<ip>172.22.10.248</ip>
		<stream>1</stream>
		<device>1</device>
		<manufacturer>Bosch</manufacturer>
	</camera>
	<camera>
		<number>451</number>
		<ip>172.22.10.60</ip>
		<stream>1</stream>
		<device>3</device>
		<manufacturer>Bosch</manufacturer>
	</camera>
	<camera>
		<number>438</number>
		<ip>172.22.10.60</ip>
		<stream>1</stream>
		<device>4</device>
		<manufacturer>Bosch</manufacturer>
	</camera>
	<camera>
		<number>43</number>
		<ip>172.22.10.43</ip>
		<stream>2</stream>
		<device>1</device>
		<manufacturer>Bosch</manufacturer>
	</camera>
	<camera>
		<number>444</number>
		<ip>172.22.10.54</ip>
		<stream>1</stream>
		<device>2</device>
		<manufacturer>Bosch</manufacturer>
	</camera>
	<camera>
		<number>429</number>
		<ip>172.22.10.54</ip>
		<stream>1</stream>
		<device>4</device>
		<manufacturer>Bosch</manufacturer>
	</camera>
	<camera>
		<number>433</number>
		<ip>172.22.10.55</ip>
		<stream>1</stream>
		<device>2</device>
		<manufacturer>Bosch</manufacturer>
	</camera>
	<camera>
		<number>432</number>
		<ip>172.22.10.55</ip>
		<stream>1</stream>
		<device>3</device>
		<manufacturer>Bosch</manufacturer>
	</camera>
	<camera>
		<number>447</number>
		<ip>172.22.10.55</ip>
		<stream>1</stream>
		<device>4</device>
		<manufacturer>Bosch</manufacturer>
	</camera>
	<camera>
		<number>436</number>
		<ip>172.22.10.56</ip>
		<stream>1</stream>
		<device>1</device>
		<manufacturer>Bosch</manufacturer>
	</camera>
	<camera>
		<number>434</number>
		<ip>172.22.10.56</ip>
		<stream>1</stream>
		<device>2</device>
		<manufacturer>Bosch</manufacturer>
	</camera>
	<camera>
		<number>435</number>
		<ip>172.22.10.56</ip>
		<stream>1</stream>
		<device>3</device>
		<manufacturer>Bosch</manufacturer>
	</camera>
	<camera>
		<number>431</number>
		<ip>172.22.10.57</ip>
		<stream>1</stream>
		<device>2</device>
		<manufacturer>Bosch</manufacturer>
	</camera>
	<camera>
		<number>437</number>
		<ip>172.22.10.61</ip>
		<stream>1</stream>
		<device>1</device>
		<manufacturer>Bosch</manufacturer>
	</camera>
	<camera>
		<number>66</number>
		<ip>172.22.10.66</ip>
		<stream>2</stream>
		<device>1</device>
		<manufacturer>Bosch</manufacturer>
	</camera>
	<camera>
		<number>67</number>
		<ip>172.22.10.248</ip>
		<stream>2</stream>
		<device>1</device>
		<manufacturer>Bosch</manufacturer>
	</camera>
	<camera>
		<number>450</number>
		<ip>172.22.10.61</ip>
		<stream>1</stream>
		<device>4</device>
		<manufacturer>Bosch</manufacturer>
	</camera>
	<camera>
		<number>68</number>
		<ip>172.22.10.251</ip>
		<stream>2</stream>
		<device>1</device>
		<manufacturer>Bosch</manufacturer>
	</camera>
	<camera>
		<number>452</number>
		<ip>172.22.10.63</ip>
		<stream>1</stream>
		<device>2</device>
		<manufacturer>Bosch</manufacturer>
	</camera>
	<camera>
		<number>453</number>
		<ip>172.22.10.63</ip>
		<stream>1</stream>
		<device>3</device>
		<manufacturer>Bosch</manufacturer>
	</camera>
	<camera>
		<number>454</number>
		<ip>172.22.10.63</ip>
		<stream>1</stream>
		<device>4</device>
		<manufacturer>Bosch</manufacturer>
	</camera>
	<camera>
		<number>79</number>
		<ip>172.22.10.64</ip>
		<stream>2</stream>
		<device>1</device>
		<manufacturer>Bosch</manufacturer>
	</camera>
	<camera>
		<number>2</number>
		<ip>172.22.10.65</ip>
		<stream>2</stream>
		<device>1</device>
		<manufacturer>Bosch</manufacturer>
	</camera>
	<camera>
		<number>30</number>
		<ip>172.22.10.57</ip>
		<stream>2</stream>
		<device>1</device>
		<manufacturer>Bosch</manufacturer>
	</camera>
	<camera>
		<number>31</number>
		<ip>172.22.10.57</ip>
		<stream>2</stream>
		<device>2</device>
		<manufacturer>Bosch</manufacturer>
	</camera>
	<camera>
		<number>32</number>
		<ip>172.22.10.54</ip>
		<stream>2</stream>
		<device>2</device>
		<manufacturer>Bosch</manufacturer>
	</camera>
	<camera>
		<number>33</number>
		<ip>172.22.10.45</ip>
		<stream>2</stream>
		<device>1</device>
		<manufacturer>Bosch</manufacturer>
	</camera>
	<camera>
		<number>148</number>
		<ip>172.22.10.54</ip>
		<stream>2</stream>
		<device>1</device>
		<manufacturer>Bosch</manufacturer>
	</camera>
	<camera>
		<number>22</number>
		<ip>172.22.10.54</ip>
		<stream>2</stream>
		<device>3</device>
		<manufacturer>Bosch</manufacturer>
	</camera>
	<camera>
		<number>23</number>
		<ip>172.22.10.54</ip>
		<stream>2</stream>
		<device>4</device>
		<manufacturer>Bosch</manufacturer>
	</camera>
	<camera>
		<number>24</number>
		<ip>172.22.10.55</ip>
		<stream>2</stream>
		<device>2</device>
		<manufacturer>Bosch</manufacturer>
	</camera>
	<camera>
		<number>25</number>
		<ip>172.22.10.55</ip>
		<stream>2</stream>
		<device>3</device>
		<manufacturer>Bosch</manufacturer>
	</camera>
	<camera>
		<number>26</number>
		<ip>172.22.10.55</ip>
		<stream>2</stream>
		<device>4</device>
		<manufacturer>Bosch</manufacturer>
	</camera>
	<camera>
		<number>5</number>
		<ip>172.22.10.56</ip>
		<stream>2</stream>
		<device>1</device>
		<manufacturer>Bosch</manufacturer>
	</camera>
	<camera>
		<number>27</number>
		<ip>172.22.10.56</ip>
		<stream>2</stream>
		<device>2</device>
		<manufacturer>Bosch</manufacturer>
	</camera>
	<camera>
		<number>29</number>
		<ip>172.22.10.56</ip>
		<stream>2</stream>
		<device>3</device>
		<manufacturer>Bosch</manufacturer>
	</camera>
	<camera>
		<number>28</number>
		<ip>172.22.10.56</ip>
		<stream>2</stream>
		<device>4</device>
		<manufacturer>Bosch</manufacturer>
	</camera>
	<camera>
		<number>149</number>
		<ip>172.22.10.57</ip>
		<stream>2</stream>
		<device>2</device>
		<manufacturer>Bosch</manufacturer>
	</camera>
<!--
	<camera>
		<number>13</number>
		<ip>172.22.10.61</ip>
		<stream>2</stream>
		<device>1</device>
		<manufacturer>Bosch</manufacturer>
	</camera>
-->	
	<camera>
		<number>10</number>
		<ip>172.22.10.57</ip>
		<stream>2</stream>
		<device>1</device>
		<manufacturer>Bosch</manufacturer>
	</camera>
<!--	
	<camera>
		<number>11</number>
		<ip>172.22.10.62</ip>
		<stream>2</stream>
		<device>3</device>
		<manufacturer>Bosch</manufacturer>
	</camera>
-->	
	<camera>
		<number>9</number>
		<ip>172.22.10.61</ip>
		<stream>2</stream>
		<device>1</device>
		<manufacturer>Bosch</manufacturer>
	</camera>
	<camera>
		<number>15</number>
		<ip>172.22.10.57</ip>
		<stream>2</stream>
		<device>2</device>
		<manufacturer>Bosch</manufacturer>
	</camera>
	<camera>
		<number>16</number>
		<ip>172.22.10.61</ip>
		<stream>2</stream>
		<device>3</device>
		<manufacturer>Bosch</manufacturer>
	</camera>
<!--
	<camera>
		<number>14</number>
		<ip>172.22.10.55</ip>
		<stream>2</stream>
		<device>1</device>
		<manufacturer>Bosch</manufacturer>
	</camera>
	<camera>
		<number>12</number>
		<ip>172.22.10.62</ip>
		<stream>2</stream>
		<device>4</device>
		<manufacturer>Bosch</manufacturer>
	</camera>
-->	
	<camera>
		<number>17</number>
		<ip>172.22.10.63</ip>
		<stream>2</stream>
		<device>1</device>
		<manufacturer>Bosch</manufacturer>
	</camera>
	<camera>
		<number>19</number>
		<ip>172.22.10.46</ip>
		<stream>1</stream>
		<device>1</device>
		<manufacturer>Bosch</manufacturer>
	</camera>
	<camera>
		<number>18</number>
		<ip>172.22.10.63</ip>
		<stream>2</stream>
		<device>3</device>
		<manufacturer>Bosch</manufacturer>
	</camera>
	<camera>
		<number>20</number>
		<ip>172.22.10.63</ip>
		<stream>2</stream>
		<device>4</device>
		<manufacturer>Bosch</manufacturer>
	</camera>
	<camera>
		<number>11</number>
		<ip>172.16.5.11</ip>
		<stream>1</stream>
		<device>1</device>
		<manufacturer>Axis</manufacturer>
		<username>onvif</username>
		<password>Sierra123</password>
	</camera>	
	<camera>
		<number>12</number>
		<ip>172.16.5.12</ip>
		<stream>1</stream>
		<device>1</device>
		<manufacturer>Bosch</manufacturer>
		<username>live</username>
		<password>Sierra123</password>
	</camera>
	<camera>
		<number>13</number>
		<ip>172.16.5.13</ip>
		<stream>1</stream>
		<device>1</device>
		<manufacturer>Pelco</manufacturer>
	</camera>
	<camera>
		<number>14</number>
		<ip>172.16.5.14</ip>
		<stream>2</stream>
		<device>1</device>
		<manufacturer>Samsung</manufacturer>
		<username>onvif</username>
		<password>Sierra123</password>
		
	</camera>
</catalog>
