{
  "name": "rpos",
  "dependencies": {},
  "devDependencies": {},
  "ambientDependencies": {
    "body-parser": "github:DefinitelyTyped/DefinitelyTyped/body-parser/body-parser.d.ts#7de6c3dd94feaeb21f20054b9f30d5dabc5efabd",
    "express": "github:DefinitelyTyped/DefinitelyTyped/express/express.d.ts#7de6c3dd94feaeb21f20054b9f30d5dabc5efabd",
    "express-serve-static-core": "github:DefinitelyTyped/DefinitelyTyped/express-serve-static-core/express-serve-static-core.d.ts#fb2e78984b7076eda628892770a4314d618ac0d7",
    "ip": "registry:dt/ip#0.0.0+20161128184045",
    "mime": "github:DefinitelyTyped/DefinitelyTyped/mime/mime.d.ts#56295f5058cac7ae458540423c50ac2dcf9fc711",
    "node": "github:DefinitelyTyped/DefinitelyTyped/node/node.d.ts#6d0e826824da52204c1c93f92cecbc961ac84fa9",
    "node-uuid": "github:DefinitelyTyped/DefinitelyTyped/node-uuid/node-uuid.d.ts#56295f5058cac7ae458540423c50ac2dcf9fc711",
    "node-uuid-base": "github:DefinitelyTyped/DefinitelyTyped/node-uuid/node-uuid-base.d.ts#56295f5058cac7ae458540423c50ac2dcf9fc711",
    "node-uuid-cjs": "github:DefinitelyTyped/DefinitelyTyped/node-uuid/node-uuid-cjs.d.ts#56295f5058cac7ae458540423c50ac2dcf9fc711",
    "serve-static": "github:DefinitelyTyped/DefinitelyTyped/serve-static/serve-static.d.ts#7de6c3dd94feaeb21f20054b9f30d5dabc5efabd",
    "xml2js": "github:DefinitelyTyped/DefinitelyTyped/xml2js/xml2js.d.ts#7de6c3dd94feaeb21f20054b9f30d5dabc5efabd"
  }
}
